condition,sample,SRA_sample_ID,tech_Lane,R1,R2
0Gy_0U,0Gy_0U_1,WGBS_At_0cGy_72h_0U_Rep1,Lane1,WGBS_At_0cGy_72h_0U_1_R1_L001.fastq.gz,WGBS_At_0cGy_72h_0U_1_R2_L001.fastq.gz
0Gy_0U,0Gy_0U_1,WGBS_At_0cGy_72h_0U_Rep1,Lane2,WGBS_At_0cGy_72h_0U_1_R1_L002.fastq.gz,WGBS_At_0cGy_72h_0U_1_R2_L002.fastq.gz
0Gy_0U,0Gy_0U_1,WGBS_At_0cGy_72h_0U_Rep1,Lane3,WGBS_At_0cGy_72h_0U_1_R1_L003.fastq.gz,WGBS_At_0cGy_72h_0U_1_R2_L003.fastq.gz
0Gy_0U,0Gy_0U_1,WGBS_At_0cGy_72h_0U_Rep1,Lane4,WGBS_At_0cGy_72h_0U_1_R1_L004.fastq.gz,WGBS_At_0cGy_72h_0U_1_R2_L004.fastq.gz
0Gy_0U,0Gy_0U_1,WGBS_At_0cGy_72h_0U_Rep1,Lane5,WGBS_At_0cGy_72h_0U_1_R1_L005.fastq.gz,WGBS_At_0cGy_72h_0U_1_R2_L005.fastq.gz
0Gy_0U,0Gy_0U_1,WGBS_At_0cGy_72h_0U_Rep1,Lane6,WGBS_At_0cGy_72h_0U_1_R1_L006.fastq.gz,WGBS_At_0cGy_72h_0U_1_R2_L006.fastq.gz
0Gy_0U,0Gy_0U_1,WGBS_At_0cGy_72h_0U_Rep1,Lane7,WGBS_At_0cGy_72h_0U_1_R1_L007.fastq.gz,WGBS_At_0cGy_72h_0U_1_R2_L007.fastq.gz
0Gy_0U,0Gy_0U_2,WGBS_At_0cGy_72h_0U_Rep2,Lane1,WGBS_At_0cGy_72h_0U_2_R1_L001.fastq.gz,WGBS_At_0cGy_72h_0U_2_R2_L001.fastq.gz
0Gy_0U,0Gy_0U_2,WGBS_At_0cGy_72h_0U_Rep2,Lane2,WGBS_At_0cGy_72h_0U_2_R1_L002.fastq.gz,WGBS_At_0cGy_72h_0U_2_R2_L002.fastq.gz
0Gy_0U,0Gy_0U_2,WGBS_At_0cGy_72h_0U_Rep2,Lane3,WGBS_At_0cGy_72h_0U_2_R1_L003.fastq.gz,WGBS_At_0cGy_72h_0U_2_R2_L003.fastq.gz
0Gy_0U,0Gy_0U_2,WGBS_At_0cGy_72h_0U_Rep2,Lane4,WGBS_At_0cGy_72h_0U_2_R1_L004.fastq.gz,WGBS_At_0cGy_72h_0U_2_R2_L004.fastq.gz
0Gy_0U,0Gy_0U_2,WGBS_At_0cGy_72h_0U_Rep2,Lane5,WGBS_At_0cGy_72h_0U_2_R1_L005.fastq.gz,WGBS_At_0cGy_72h_0U_2_R2_L005.fastq.gz
0Gy_0U,0Gy_0U_2,WGBS_At_0cGy_72h_0U_Rep2,Lane6,WGBS_At_0cGy_72h_0U_2_R1_L006.fastq.gz,WGBS_At_0cGy_72h_0U_2_R2_L006.fastq.gz
0Gy_0U,0Gy_0U_2,WGBS_At_0cGy_72h_0U_Rep2,Lane7,WGBS_At_0cGy_72h_0U_2_R1_L007.fastq.gz,WGBS_At_0cGy_72h_0U_2_R2_L007.fastq.gz
0Gy_100U,0Gy_100U_1,WGBS_At_0cGy_72h_100U_Rep1,Lane1,WGBS_At_0cGy_72h_100U_1_R1_L001.fastq.gz,WGBS_At_0cGy_72h_100U_1_R2_L001.fastq.gz
0Gy_100U,0Gy_100U_1,WGBS_At_0cGy_72h_100U_Rep1,Lane2,WGBS_At_0cGy_72h_100U_1_R1_L002.fastq.gz,WGBS_At_0cGy_72h_100U_1_R2_L002.fastq.gz
0Gy_100U,0Gy_100U_1,WGBS_At_0cGy_72h_100U_Rep1,Lane3,WGBS_At_0cGy_72h_100U_1_R1_L003.fastq.gz,WGBS_At_0cGy_72h_100U_1_R2_L003.fastq.gz
0Gy_100U,0Gy_100U_1,WGBS_At_0cGy_72h_100U_Rep1,Lane4,WGBS_At_0cGy_72h_100U_1_R1_L004.fastq.gz,WGBS_At_0cGy_72h_100U_1_R2_L004.fastq.gz
0Gy_100U,0Gy_100U_1,WGBS_At_0cGy_72h_100U_Rep1,Lane5,WGBS_At_0cGy_72h_100U_1_R1_L005.fastq.gz,WGBS_At_0cGy_72h_100U_1_R2_L005.fastq.gz
0Gy_100U,0Gy_100U_1,WGBS_At_0cGy_72h_100U_Rep1,Lane6,WGBS_At_0cGy_72h_100U_1_R1_L006.fastq.gz,WGBS_At_0cGy_72h_100U_1_R2_L006.fastq.gz
0Gy_100U,0Gy_100U_1,WGBS_At_0cGy_72h_100U_Rep1,Lane7,WGBS_At_0cGy_72h_100U_1_R1_L007.fastq.gz,WGBS_At_0cGy_72h_100U_1_R2_L007.fastq.gz
0Gy_100U,0Gy_100U_2,WGBS_At_0cGy_72h_100U_Rep2,Lane1,WGBS_At_0cGy_72h_100U_2_R1_L001.fastq.gz,WGBS_At_0cGy_72h_100U_2_R2_L001.fastq.gz
0Gy_100U,0Gy_100U_2,WGBS_At_0cGy_72h_100U_Rep2,Lane2,WGBS_At_0cGy_72h_100U_2_R1_L002.fastq.gz,WGBS_At_0cGy_72h_100U_2_R2_L002.fastq.gz
0Gy_100U,0Gy_100U_2,WGBS_At_0cGy_72h_100U_Rep2,Lane3,WGBS_At_0cGy_72h_100U_2_R1_L003.fastq.gz,WGBS_At_0cGy_72h_100U_2_R2_L003.fastq.gz
0Gy_100U,0Gy_100U_2,WGBS_At_0cGy_72h_100U_Rep2,Lane4,WGBS_At_0cGy_72h_100U_2_R1_L004.fastq.gz,WGBS_At_0cGy_72h_100U_2_R2_L004.fastq.gz
0Gy_100U,0Gy_100U_2,WGBS_At_0cGy_72h_100U_Rep2,Lane5,WGBS_At_0cGy_72h_100U_2_R1_L005.fastq.gz,WGBS_At_0cGy_72h_100U_2_R2_L005.fastq.gz
0Gy_100U,0Gy_100U_2,WGBS_At_0cGy_72h_100U_Rep2,Lane6,WGBS_At_0cGy_72h_100U_2_R1_L006.fastq.gz,WGBS_At_0cGy_72h_100U_2_R2_L006.fastq.gz
0Gy_100U,0Gy_100U_2,WGBS_At_0cGy_72h_100U_Rep2,Lane7,WGBS_At_0cGy_72h_100U_2_R1_L007.fastq.gz,WGBS_At_0cGy_72h_100U_2_R2_L007.fastq.gz
1Gy_0U,1Gy_0U_1,WGBS_At_100cGy_72h_0U_Rep1,Lane1,WGBS_At_100cGy_72h_0U_1_R1_L001.fastq.gz,WGBS_At_100cGy_72h_0U_1_R2_L001.fastq.gz
1Gy_0U,1Gy_0U_1,WGBS_At_100cGy_72h_0U_Rep1,Lane2,WGBS_At_100cGy_72h_0U_1_R1_L002.fastq.gz,WGBS_At_100cGy_72h_0U_1_R2_L002.fastq.gz
1Gy_0U,1Gy_0U_1,WGBS_At_100cGy_72h_0U_Rep1,Lane3,WGBS_At_100cGy_72h_0U_1_R1_L003.fastq.gz,WGBS_At_100cGy_72h_0U_1_R2_L003.fastq.gz
1Gy_0U,1Gy_0U_1,WGBS_At_100cGy_72h_0U_Rep1,Lane4,WGBS_At_100cGy_72h_0U_1_R1_L004.fastq.gz,WGBS_At_100cGy_72h_0U_1_R2_L004.fastq.gz
1Gy_0U,1Gy_0U_1,WGBS_At_100cGy_72h_0U_Rep1,Lane5,WGBS_At_100cGy_72h_0U_1_R1_L005.fastq.gz,WGBS_At_100cGy_72h_0U_1_R2_L005.fastq.gz
1Gy_0U,1Gy_0U_1,WGBS_At_100cGy_72h_0U_Rep1,Lane6,WGBS_At_100cGy_72h_0U_1_R1_L006.fastq.gz,WGBS_At_100cGy_72h_0U_1_R2_L006.fastq.gz
1Gy_0U,1Gy_0U_1,WGBS_At_100cGy_72h_0U_Rep1,Lane7,WGBS_At_100cGy_72h_0U_1_R1_L007.fastq.gz,WGBS_At_100cGy_72h_0U_1_R2_L007.fastq.gz
1Gy_0U,1Gy_0U_2,WGBS_At_100cGy_72h_0U_Rep2,Lane1,WGBS_At_100cGy_72h_0U_2_R1_L001.fastq.gz,WGBS_At_100cGy_72h_0U_2_R2_L001.fastq.gz
1Gy_0U,1Gy_0U_2,WGBS_At_100cGy_72h_0U_Rep2,Lane2,WGBS_At_100cGy_72h_0U_2_R1_L002.fastq.gz,WGBS_At_100cGy_72h_0U_2_R2_L002.fastq.gz
1Gy_0U,1Gy_0U_2,WGBS_At_100cGy_72h_0U_Rep2,Lane3,WGBS_At_100cGy_72h_0U_2_R1_L003.fastq.gz,WGBS_At_100cGy_72h_0U_2_R2_L003.fastq.gz
1Gy_0U,1Gy_0U_2,WGBS_At_100cGy_72h_0U_Rep2,Lane4,WGBS_At_100cGy_72h_0U_2_R1_L004.fastq.gz,WGBS_At_100cGy_72h_0U_2_R2_L004.fastq.gz
1Gy_0U,1Gy_0U_2,WGBS_At_100cGy_72h_0U_Rep2,Lane5,WGBS_At_100cGy_72h_0U_2_R1_L005.fastq.gz,WGBS_At_100cGy_72h_0U_2_R2_L005.fastq.gz
1Gy_0U,1Gy_0U_2,WGBS_At_100cGy_72h_0U_Rep2,Lane6,WGBS_At_100cGy_72h_0U_2_R1_L006.fastq.gz,WGBS_At_100cGy_72h_0U_2_R2_L006.fastq.gz
1Gy_0U,1Gy_0U_2,WGBS_At_100cGy_72h_0U_Rep2,Lane7,WGBS_At_100cGy_72h_0U_2_R1_L007.fastq.gz,WGBS_At_100cGy_72h_0U_2_R2_L007.fastq.gz
1Gy_100U,1Gy_100U_1,WGBS_At_100cGy_72h_100U_Rep1,Lane1,WGBS_At_100cGy_72h_100U_1_R1_L001.fastq.gz,WGBS_At_100cGy_72h_100U_1_R2_L001.fastq.gz
1Gy_100U,1Gy_100U_1,WGBS_At_100cGy_72h_100U_Rep1,Lane2,WGBS_At_100cGy_72h_100U_1_R1_L002.fastq.gz,WGBS_At_100cGy_72h_100U_1_R2_L002.fastq.gz
1Gy_100U,1Gy_100U_1,WGBS_At_100cGy_72h_100U_Rep1,Lane3,WGBS_At_100cGy_72h_100U_1_R1_L003.fastq.gz,WGBS_At_100cGy_72h_100U_1_R2_L003.fastq.gz
1Gy_100U,1Gy_100U_1,WGBS_At_100cGy_72h_100U_Rep1,Lane4,WGBS_At_100cGy_72h_100U_1_R1_L004.fastq.gz,WGBS_At_100cGy_72h_100U_1_R2_L004.fastq.gz
1Gy_100U,1Gy_100U_1,WGBS_At_100cGy_72h_100U_Rep1,Lane5,WGBS_At_100cGy_72h_100U_1_R1_L005.fastq.gz,WGBS_At_100cGy_72h_100U_1_R2_L005.fastq.gz
1Gy_100U,1Gy_100U_1,WGBS_At_100cGy_72h_100U_Rep1,Lane6,WGBS_At_100cGy_72h_100U_1_R1_L006.fastq.gz,WGBS_At_100cGy_72h_100U_1_R2_L006.fastq.gz
1Gy_100U,1Gy_100U_1,WGBS_At_100cGy_72h_100U_Rep1,Lane7,WGBS_At_100cGy_72h_100U_1_R1_L007.fastq.gz,WGBS_At_100cGy_72h_100U_1_R2_L007.fastq.gz
1Gy_100U,1Gy_100U_2,WGBS_At_100cGy_72h_100U_Rep2,Lane1,WGBS_At_100cGy_72h_100U_2_R1_L001.fastq.gz,WGBS_At_100cGy_72h_100U_2_R2_L001.fastq.gz
1Gy_100U,1Gy_100U_2,WGBS_At_100cGy_72h_100U_Rep2,Lane2,WGBS_At_100cGy_72h_100U_2_R1_L002.fastq.gz,WGBS_At_100cGy_72h_100U_2_R2_L002.fastq.gz
1Gy_100U,1Gy_100U_2,WGBS_At_100cGy_72h_100U_Rep2,Lane3,WGBS_At_100cGy_72h_100U_2_R1_L003.fastq.gz,WGBS_At_100cGy_72h_100U_2_R2_L003.fastq.gz
1Gy_100U,1Gy_100U_2,WGBS_At_100cGy_72h_100U_Rep2,Lane4,WGBS_At_100cGy_72h_100U_2_R1_L004.fastq.gz,WGBS_At_100cGy_72h_100U_2_R2_L004.fastq.gz
1Gy_100U,1Gy_100U_2,WGBS_At_100cGy_72h_100U_Rep2,Lane5,WGBS_At_100cGy_72h_100U_2_R1_L005.fastq.gz,WGBS_At_100cGy_72h_100U_2_R2_L005.fastq.gz
1Gy_100U,1Gy_100U_2,WGBS_At_100cGy_72h_100U_Rep2,Lane6,WGBS_At_100cGy_72h_100U_2_R1_L006.fastq.gz,WGBS_At_100cGy_72h_100U_2_R2_L006.fastq.gz
1Gy_100U,1Gy_100U_2,WGBS_At_100cGy_72h_100U_Rep2,Lane7,WGBS_At_100cGy_72h_100U_2_R1_L007.fastq.gz,WGBS_At_100cGy_72h_100U_2_R2_L007.fastq.gz
01Gy_0U,01Gy_0U_1,WGBS_At_10cGy_72h_0U_Rep1,Lane1,WGBS_At_10cGy_72h_0U_1_R1_L001.fastq.gz,WGBS_At_10cGy_72h_0U_1_R2_L001.fastq.gz
01Gy_0U,01Gy_0U_1,WGBS_At_10cGy_72h_0U_Rep1,Lane2,WGBS_At_10cGy_72h_0U_1_R1_L002.fastq.gz,WGBS_At_10cGy_72h_0U_1_R2_L002.fastq.gz
01Gy_0U,01Gy_0U_1,WGBS_At_10cGy_72h_0U_Rep1,Lane3,WGBS_At_10cGy_72h_0U_1_R1_L003.fastq.gz,WGBS_At_10cGy_72h_0U_1_R2_L003.fastq.gz
01Gy_0U,01Gy_0U_2,WGBS_At_10cGy_72h_0U_Rep2,Lane1,WGBS_At_10cGy_72h_0U_2_R1_L001.fastq.gz,WGBS_At_10cGy_72h_0U_2_R2_L001.fastq.gz
01Gy_0U,01Gy_0U_2,WGBS_At_10cGy_72h_0U_Rep2,Lane2,WGBS_At_10cGy_72h_0U_2_R1_L002.fastq.gz,WGBS_At_10cGy_72h_0U_2_R2_L002.fastq.gz
01Gy_0U,01Gy_0U_2,WGBS_At_10cGy_72h_0U_Rep2,Lane3,WGBS_At_10cGy_72h_0U_2_R1_L003.fastq.gz,WGBS_At_10cGy_72h_0U_2_R2_L003.fastq.gz
01Gy_0U,01Gy_100U_1,WGBS_At_10cGy_72h_100U_Rep1,Lane1,WGBS_At_10cGy_72h_100U_1_R1_L001.fastq.gz,WGBS_At_10cGy_72h_100U_1_R2_L001.fastq.gz
01Gy_0U,01Gy_100U_1,WGBS_At_10cGy_72h_100U_Rep1,Lane2,WGBS_At_10cGy_72h_100U_1_R1_L002.fastq.gz,WGBS_At_10cGy_72h_100U_1_R2_L002.fastq.gz
01Gy_0U,01Gy_100U_1,WGBS_At_10cGy_72h_100U_Rep1,Lane3,WGBS_At_10cGy_72h_100U_1_R1_L003.fastq.gz,WGBS_At_10cGy_72h_100U_1_R2_L003.fastq.gz
01Gy_0U,01Gy_100U_2,WGBS_At_10cGy_72h_100U_Rep2,Lane1,WGBS_At_10cGy_72h_100U_2_R1_L001.fastq.gz,WGBS_At_10cGy_72h_100U_2_R2_L001.fastq.gz
01Gy_0U,01Gy_100U_2,WGBS_At_10cGy_72h_100U_Rep2,Lane2,WGBS_At_10cGy_72h_100U_2_R1_L002.fastq.gz,WGBS_At_10cGy_72h_100U_2_R2_L002.fastq.gz
01Gy_0U,01Gy_100U_2,WGBS_At_10cGy_72h_100U_Rep2,Lane3,WGBS_At_10cGy_72h_100U_2_R1_L003.fastq.gz,WGBS_At_10cGy_72h_100U_2_R2_L003.fastq.gz
22C_0U,22C_0U_1,WGBS_Cold_22C_0U_GCmethyl_Rep1,Lane1,WGBS_22_0U_1_R1_L001.fastq.gz,WGBS_22_0U_1_R2_L001.fastq.gz
22C_0U,22C_0U_1,WGBS_Cold_22C_0U_GCmethyl_Rep1,Lane2,WGBS_22_0U_1_R1_L002.fastq.gz,WGBS_22_0U_1_R2_L002.fastq.gz
22C_0U,22C_0U_1,WGBS_Cold_22C_0U_GCmethyl_Rep1,Lane3,WGBS_22_0U_1_R1_L003.fastq.gz,WGBS_22_0U_1_R2_L003.fastq.gz
22C_0U,22C_0U_1,WGBS_Cold_22C_0U_GCmethyl_Rep1,Lane4,WGBS_22_0U_1_R1_L004.fastq.gz,WGBS_22_0U_1_R2_L004.fastq.gz
22C_0U,22C_0U_1,WGBS_Cold_22C_0U_GCmethyl_Rep1,Lane5,WGBS_22_0U_1_R1_L005.fastq.gz,WGBS_22_0U_1_R2_L005.fastq.gz
22C_0U,22C_0U_1,WGBS_Cold_22C_0U_GCmethyl_Rep1,Lane6,WGBS_22_0U_1_R1_L006.fastq.gz,WGBS_22_0U_1_R2_L006.fastq.gz
22C_0U,22C_0U_1,WGBS_Cold_22C_0U_GCmethyl_Rep1,Lane7,WGBS_22_0U_1_R1_L007.fastq.gz,WGBS_22_0U_1_R2_L007.fastq.gz
22C_0U,22C_0U_1,WGBS_Cold_22C_0U_GCmethyl_Rep1,Lane8,WGBS_22_0U_1_R1_L008.fastq.gz,WGBS_22_0U_1_R2_L008.fastq.gz
22C_0U,22C_0U_1,WGBS_Cold_22C_0U_GCmethyl_Rep1,Lane9,WGBS_22_0U_1_R1_L009.fastq.gz,WGBS_22_0U_1_R2_L009.fastq.gz
22C_0U,22C_0U_1,WGBS_Cold_22C_0U_GCmethyl_Rep1,Lane10,WGBS_22_0U_1_R1_L010.fastq.gz,WGBS_22_0U_1_R2_L010.fastq.gz
22C_0U,22C_0U_2,WGBS_Cold_22C_0U_GCmethyl_Rep2,Lane1,WGBS_22_0U_2_R1_L001.fastq.gz,WGBS_22_0U_2_R2_L001.fastq.gz
22C_0U,22C_0U_2,WGBS_Cold_22C_0U_GCmethyl_Rep2,Lane2,WGBS_22_0U_2_R1_L002.fastq.gz,WGBS_22_0U_2_R2_L002.fastq.gz
22C_0U,22C_0U_2,WGBS_Cold_22C_0U_GCmethyl_Rep2,Lane3,WGBS_22_0U_2_R1_L003.fastq.gz,WGBS_22_0U_2_R2_L003.fastq.gz
22C_0U,22C_0U_2,WGBS_Cold_22C_0U_GCmethyl_Rep2,Lane4,WGBS_22_0U_2_R1_L004.fastq.gz,WGBS_22_0U_2_R2_L004.fastq.gz
22C_0U,22C_0U_2,WGBS_Cold_22C_0U_GCmethyl_Rep2,Lane5,WGBS_22_0U_2_R1_L005.fastq.gz,WGBS_22_0U_2_R2_L005.fastq.gz
22C_0U,22C_0U_2,WGBS_Cold_22C_0U_GCmethyl_Rep2,Lane6,WGBS_22_0U_2_R1_L006.fastq.gz,WGBS_22_0U_2_R2_L006.fastq.gz
22C_0U,22C_0U_2,WGBS_Cold_22C_0U_GCmethyl_Rep2,Lane7,WGBS_22_0U_2_R1_L007.fastq.gz,WGBS_22_0U_2_R2_L007.fastq.gz
22C_0U,22C_0U_2,WGBS_Cold_22C_0U_GCmethyl_Rep2,Lane8,WGBS_22_0U_2_R1_L008.fastq.gz,WGBS_22_0U_2_R2_L008.fastq.gz
22C_0U,22C_0U_2,WGBS_Cold_22C_0U_GCmethyl_Rep2,Lane9,WGBS_22_0U_2_R1_L009.fastq.gz,WGBS_22_0U_2_R2_L009.fastq.gz
22C_0U,22C_0U_2,WGBS_Cold_22C_0U_GCmethyl_Rep2,Lane10,WGBS_22_0U_2_R1_L010.fastq.gz,WGBS_22_0U_2_R2_L010.fastq.gz
22C_100U,22C_100U_1,WGBS_Cold_22C_100U_GCmethyl_Rep1,Lane1,WGBS_22_100U_1_R1_L001.fastq.gz,WGBS_22_100U_1_R2_L001.fastq.gz
22C_100U,22C_100U_1,WGBS_Cold_22C_100U_GCmethyl_Rep1,Lane2,WGBS_22_100U_1_R1_L002.fastq.gz,WGBS_22_100U_1_R2_L002.fastq.gz
22C_100U,22C_100U_1,WGBS_Cold_22C_100U_GCmethyl_Rep1,Lane3,WGBS_22_100U_1_R1_L003.fastq.gz,WGBS_22_100U_1_R2_L003.fastq.gz
22C_100U,22C_100U_1,WGBS_Cold_22C_100U_GCmethyl_Rep1,Lane4,WGBS_22_100U_1_R1_L004.fastq.gz,WGBS_22_100U_1_R2_L004.fastq.gz
22C_100U,22C_100U_1,WGBS_Cold_22C_100U_GCmethyl_Rep1,Lane5,WGBS_22_100U_1_R1_L005.fastq.gz,WGBS_22_100U_1_R2_L005.fastq.gz
22C_100U,22C_100U_1,WGBS_Cold_22C_100U_GCmethyl_Rep1,Lane6,WGBS_22_100U_1_R1_L006.fastq.gz,WGBS_22_100U_1_R2_L006.fastq.gz
22C_100U,22C_100U_1,WGBS_Cold_22C_100U_GCmethyl_Rep1,Lane7,WGBS_22_100U_1_R1_L007.fastq.gz,WGBS_22_100U_1_R2_L007.fastq.gz
22C_100U,22C_100U_1,WGBS_Cold_22C_100U_GCmethyl_Rep1,Lane8,WGBS_22_100U_1_R1_L008.fastq.gz,WGBS_22_100U_1_R2_L008.fastq.gz
22C_100U,22C_100U_1,WGBS_Cold_22C_100U_GCmethyl_Rep1,Lane9,WGBS_22_100U_1_R1_L009.fastq.gz,WGBS_22_100U_1_R2_L009.fastq.gz
22C_100U,22C_100U_1,WGBS_Cold_22C_100U_GCmethyl_Rep1,Lane10,WGBS_22_100U_1_R1_L010.fastq.gz,WGBS_22_100U_1_R2_L010.fastq.gz
22C_100U,22C_100U_2,WGBS_Cold_22C_100U_GCmethyl_Rep2,Lane1,WGBS_22_100U_2_R1_L001.fastq.gz,WGBS_22_100U_2_R2_L001.fastq.gz
22C_100U,22C_100U_2,WGBS_Cold_22C_100U_GCmethyl_Rep2,Lane2,WGBS_22_100U_2_R1_L002.fastq.gz,WGBS_22_100U_2_R2_L002.fastq.gz
22C_100U,22C_100U_2,WGBS_Cold_22C_100U_GCmethyl_Rep2,Lane3,WGBS_22_100U_2_R1_L003.fastq.gz,WGBS_22_100U_2_R2_L003.fastq.gz
22C_100U,22C_100U_2,WGBS_Cold_22C_100U_GCmethyl_Rep2,Lane4,WGBS_22_100U_2_R1_L004.fastq.gz,WGBS_22_100U_2_R2_L004.fastq.gz
22C_100U,22C_100U_2,WGBS_Cold_22C_100U_GCmethyl_Rep2,Lane5,WGBS_22_100U_2_R1_L005.fastq.gz,WGBS_22_100U_2_R2_L005.fastq.gz
22C_100U,22C_100U_2,WGBS_Cold_22C_100U_GCmethyl_Rep2,Lane6,WGBS_22_100U_2_R1_L006.fastq.gz,WGBS_22_100U_2_R2_L006.fastq.gz
22C_100U,22C_100U_2,WGBS_Cold_22C_100U_GCmethyl_Rep2,Lane7,WGBS_22_100U_2_R1_L007.fastq.gz,WGBS_22_100U_2_R2_L007.fastq.gz
22C_100U,22C_100U_2,WGBS_Cold_22C_100U_GCmethyl_Rep2,Lane8,WGBS_22_100U_2_R1_L008.fastq.gz,WGBS_22_100U_2_R2_L008.fastq.gz
22C_100U,22C_100U_2,WGBS_Cold_22C_100U_GCmethyl_Rep2,Lane9,WGBS_22_100U_2_R1_L009.fastq.gz,WGBS_22_100U_2_R2_L009.fastq.gz
22C_100U,22C_100U_2,WGBS_Cold_22C_100U_GCmethyl_Rep2,Lane10,WGBS_22_100U_2_R1_L010.fastq.gz,WGBS_22_100U_2_R2_L010.fastq.gz
4C_0U,4C_0U_1,WGBS_Cold_4C_0U_GCmethyl_Rep1,Lane1,WGBS_4_0U_1_R1_L001.fastq.gz,WGBS_4_0U_1_R2_L001.fastq.gz
4C_0U,4C_0U_1,WGBS_Cold_4C_0U_GCmethyl_Rep1,Lane2,WGBS_4_0U_1_R1_L002.fastq.gz,WGBS_4_0U_1_R2_L002.fastq.gz
4C_0U,4C_0U_1,WGBS_Cold_4C_0U_GCmethyl_Rep1,Lane3,WGBS_4_0U_1_R1_L003.fastq.gz,WGBS_4_0U_1_R2_L003.fastq.gz
4C_0U,4C_0U_1,WGBS_Cold_4C_0U_GCmethyl_Rep1,Lane4,WGBS_4_0U_1_R1_L004.fastq.gz,WGBS_4_0U_1_R2_L004.fastq.gz
4C_0U,4C_0U_1,WGBS_Cold_4C_0U_GCmethyl_Rep1,Lane5,WGBS_4_0U_1_R1_L005.fastq.gz,WGBS_4_0U_1_R2_L005.fastq.gz
4C_0U,4C_0U_1,WGBS_Cold_4C_0U_GCmethyl_Rep1,Lane6,WGBS_4_0U_1_R1_L006.fastq.gz,WGBS_4_0U_1_R2_L006.fastq.gz
4C_0U,4C_0U_1,WGBS_Cold_4C_0U_GCmethyl_Rep1,Lane7,WGBS_4_0U_1_R1_L007.fastq.gz,WGBS_4_0U_1_R2_L007.fastq.gz
4C_0U,4C_0U_1,WGBS_Cold_4C_0U_GCmethyl_Rep1,Lane8,WGBS_4_0U_1_R1_L008.fastq.gz,WGBS_4_0U_1_R2_L008.fastq.gz
4C_0U,4C_0U_1,WGBS_Cold_4C_0U_GCmethyl_Rep1,Lane9,WGBS_4_0U_1_R1_L009.fastq.gz,WGBS_4_0U_1_R2_L009.fastq.gz
4C_0U,4C_0U_1,WGBS_Cold_4C_0U_GCmethyl_Rep1,Lane10,WGBS_4_0U_1_R1_L010.fastq.gz,WGBS_4_0U_1_R2_L010.fastq.gz
4C_0U,4C_0U_2,WGBS_Cold_4C_0U_GCmethyl_Rep2,Lane1,WGBS_4_0U_2_R1_L001.fastq.gz,WGBS_4_0U_2_R2_L001.fastq.gz
4C_0U,4C_0U_2,WGBS_Cold_4C_0U_GCmethyl_Rep2,Lane2,WGBS_4_0U_2_R1_L002.fastq.gz,WGBS_4_0U_2_R2_L002.fastq.gz
4C_0U,4C_0U_2,WGBS_Cold_4C_0U_GCmethyl_Rep2,Lane3,WGBS_4_0U_2_R1_L003.fastq.gz,WGBS_4_0U_2_R2_L003.fastq.gz
4C_0U,4C_0U_2,WGBS_Cold_4C_0U_GCmethyl_Rep2,Lane4,WGBS_4_0U_2_R1_L004.fastq.gz,WGBS_4_0U_2_R2_L004.fastq.gz
4C_0U,4C_0U_2,WGBS_Cold_4C_0U_GCmethyl_Rep2,Lane5,WGBS_4_0U_2_R1_L005.fastq.gz,WGBS_4_0U_2_R2_L005.fastq.gz
4C_0U,4C_0U_2,WGBS_Cold_4C_0U_GCmethyl_Rep2,Lane6,WGBS_4_0U_2_R1_L006.fastq.gz,WGBS_4_0U_2_R2_L006.fastq.gz
4C_0U,4C_0U_2,WGBS_Cold_4C_0U_GCmethyl_Rep2,Lane7,WGBS_4_0U_2_R1_L007.fastq.gz,WGBS_4_0U_2_R2_L007.fastq.gz
4C_0U,4C_0U_2,WGBS_Cold_4C_0U_GCmethyl_Rep2,Lane8,WGBS_4_0U_2_R1_L008.fastq.gz,WGBS_4_0U_2_R2_L008.fastq.gz
4C_0U,4C_0U_2,WGBS_Cold_4C_0U_GCmethyl_Rep2,Lane9,WGBS_4_0U_2_R1_L009.fastq.gz,WGBS_4_0U_2_R2_L009.fastq.gz
4C_0U,4C_0U_2,WGBS_Cold_4C_0U_GCmethyl_Rep2,Lane10,WGBS_4_0U_2_R1_L010.fastq.gz,WGBS_4_0U_2_R2_L010.fastq.gz
4C_100U,4C_100U_1,WGBS_Cold_4C_100U_GCmethyl_Rep1,Lane1,WGBS_4_100U_1_R1_L001.fastq.gz,WGBS_4_100U_1_R2_L001.fastq.gz
4C_100U,4C_100U_1,WGBS_Cold_4C_100U_GCmethyl_Rep1,Lane2,WGBS_4_100U_1_R1_L002.fastq.gz,WGBS_4_100U_1_R2_L002.fastq.gz
4C_100U,4C_100U_1,WGBS_Cold_4C_100U_GCmethyl_Rep1,Lane3,WGBS_4_100U_1_R1_L003.fastq.gz,WGBS_4_100U_1_R2_L003.fastq.gz
4C_100U,4C_100U_1,WGBS_Cold_4C_100U_GCmethyl_Rep1,Lane4,WGBS_4_100U_1_R1_L004.fastq.gz,WGBS_4_100U_1_R2_L004.fastq.gz
4C_100U,4C_100U_1,WGBS_Cold_4C_100U_GCmethyl_Rep1,Lane5,WGBS_4_100U_1_R1_L005.fastq.gz,WGBS_4_100U_1_R2_L005.fastq.gz
4C_100U,4C_100U_1,WGBS_Cold_4C_100U_GCmethyl_Rep1,Lane6,WGBS_4_100U_1_R1_L006.fastq.gz,WGBS_4_100U_1_R2_L006.fastq.gz
4C_100U,4C_100U_1,WGBS_Cold_4C_100U_GCmethyl_Rep1,Lane7,WGBS_4_100U_1_R1_L007.fastq.gz,WGBS_4_100U_1_R2_L007.fastq.gz
4C_100U,4C_100U_1,WGBS_Cold_4C_100U_GCmethyl_Rep1,Lane8,WGBS_4_100U_1_R1_L008.fastq.gz,WGBS_4_100U_1_R2_L008.fastq.gz
4C_100U,4C_100U_1,WGBS_Cold_4C_100U_GCmethyl_Rep1,Lane9,WGBS_4_100U_1_R1_L009.fastq.gz,WGBS_4_100U_1_R2_L009.fastq.gz
4C_100U,4C_100U_1,WGBS_Cold_4C_100U_GCmethyl_Rep1,Lane10,WGBS_4_100U_1_R1_L010.fastq.gz,WGBS_4_100U_1_R2_L010.fastq.gz
4C_100U,4C_100U_2,WGBS_Cold_4C_100U_GCmethyl_Rep2,Lane1,WGBS_4_100U_2_R1_L001.fastq.gz,WGBS_4_100U_2_R2_L001.fastq.gz
4C_100U,4C_100U_2,WGBS_Cold_4C_100U_GCmethyl_Rep2,Lane2,WGBS_4_100U_2_R1_L002.fastq.gz,WGBS_4_100U_2_R2_L002.fastq.gz
4C_100U,4C_100U_2,WGBS_Cold_4C_100U_GCmethyl_Rep2,Lane3,WGBS_4_100U_2_R1_L003.fastq.gz,WGBS_4_100U_2_R2_L003.fastq.gz
4C_100U,4C_100U_2,WGBS_Cold_4C_100U_GCmethyl_Rep2,Lane4,WGBS_4_100U_2_R1_L004.fastq.gz,WGBS_4_100U_2_R2_L004.fastq.gz
4C_100U,4C_100U_2,WGBS_Cold_4C_100U_GCmethyl_Rep2,Lane5,WGBS_4_100U_2_R1_L005.fastq.gz,WGBS_4_100U_2_R2_L005.fastq.gz
4C_100U,4C_100U_2,WGBS_Cold_4C_100U_GCmethyl_Rep2,Lane6,WGBS_4_100U_2_R1_L006.fastq.gz,WGBS_4_100U_2_R2_L006.fastq.gz
4C_100U,4C_100U_2,WGBS_Cold_4C_100U_GCmethyl_Rep2,Lane7,WGBS_4_100U_2_R1_L007.fastq.gz,WGBS_4_100U_2_R2_L007.fastq.gz
4C_100U,4C_100U_2,WGBS_Cold_4C_100U_GCmethyl_Rep2,Lane8,WGBS_4_100U_2_R1_L008.fastq.gz,WGBS_4_100U_2_R2_L008.fastq.gz
4C_100U,4C_100U_2,WGBS_Cold_4C_100U_GCmethyl_Rep2,Lane9,WGBS_4_100U_2_R1_L009.fastq.gz,WGBS_4_100U_2_R2_L009.fastq.gz
4C_100U,4C_100U_2,WGBS_Cold_4C_100U_GCmethyl_Rep2,Lane10,WGBS_4_100U_2_R1_L010.fastq.gz,WGBS_4_100U_2_R2_L010.fastq.gz
FANS_0p5U,FANS_0p5U_1,WGBS_Cold_FANS_0p5U_Rep1,Lane1,WGBS_FANS_0.5U_1_R1_L001.fastq.gz,WGBS_FANS_0.5U_1_R2_L001.fastq.gz
FANS_0p5U,FANS_0p5U_1,WGBS_Cold_FANS_0p5U_Rep1,Lane2,WGBS_FANS_0.5U_1_R1_L002.fastq.gz,WGBS_FANS_0.5U_1_R2_L002.fastq.gz
FANS_0p5U,FANS_0p5U_1,WGBS_Cold_FANS_0p5U_Rep1,Lane3,WGBS_FANS_0.5U_1_R1_L003.fastq.gz,WGBS_FANS_0.5U_1_R2_L003.fastq.gz
FANS_0p5U,FANS_0p5U_1,WGBS_Cold_FANS_0p5U_Rep1,Lane4,WGBS_FANS_0.5U_1_R1_L004.fastq.gz,WGBS_FANS_0.5U_1_R2_L004.fastq.gz
FANS_0p5U,FANS_0p5U_2,WGBS_Cold_FANS_0p5U_Rep2,Lane1,WGBS_FANS_0.5U_2_R1_L001.fastq.gz,WGBS_FANS_0.5U_2_R2_L001.fastq.gz
FANS_0p5U,FANS_0p5U_2,WGBS_Cold_FANS_0p5U_Rep2,Lane2,WGBS_FANS_0.5U_2_R1_L002.fastq.gz,WGBS_FANS_0.5U_2_R2_L002.fastq.gz
FANS_0p5U,FANS_0p5U_2,WGBS_Cold_FANS_0p5U_Rep2,Lane3,WGBS_FANS_0.5U_2_R1_L003.fastq.gz,WGBS_FANS_0.5U_2_R2_L003.fastq.gz
FANS_0p5U,FANS_0p5U_2,WGBS_Cold_FANS_0p5U_Rep2,Lane4,WGBS_FANS_0.5U_2_R1_L004.fastq.gz,WGBS_FANS_0.5U_2_R2_L004.fastq.gz
FANS_1p5U,FANS_1p5U_1,WGBS_Cold_FANS_1p5U_Rep1,Lane1,WGBS_FANS_1.5U_1_R1_L001.fastq.gz,WGBS_FANS_1.5U_1_R2_L001.fastq.gz
FANS_1p5U,FANS_1p5U_1,WGBS_Cold_FANS_1p5U_Rep1,Lane2,WGBS_FANS_1.5U_1_R1_L002.fastq.gz,WGBS_FANS_1.5U_1_R2_L002.fastq.gz
FANS_1p5U,FANS_1p5U_1,WGBS_Cold_FANS_1p5U_Rep1,Lane3,WGBS_FANS_1.5U_1_R1_L003.fastq.gz,WGBS_FANS_1.5U_1_R2_L003.fastq.gz
FANS_1p5U,FANS_1p5U_1,WGBS_Cold_FANS_1p5U_Rep1,Lane4,WGBS_FANS_1.5U_1_R1_L004.fastq.gz,WGBS_FANS_1.5U_1_R2_L004.fastq.gz
FANS_1p5U,FANS_1p5U_2,WGBS_Cold_FANS_1p5U_Rep2,Lane1,WGBS_FANS_1.5U_2_R1_L001.fastq.gz,WGBS_FANS_1.5U_2_R2_L001.fastq.gz
FANS_1p5U,FANS_1p5U_2,WGBS_Cold_FANS_1p5U_Rep2,Lane2,WGBS_FANS_1.5U_2_R1_L002.fastq.gz,WGBS_FANS_1.5U_2_R2_L002.fastq.gz
FANS_1p5U,FANS_1p5U_2,WGBS_Cold_FANS_1p5U_Rep2,Lane3,WGBS_FANS_1.5U_2_R1_L003.fastq.gz,WGBS_FANS_1.5U_2_R2_L003.fastq.gz
FANS_1p5U,FANS_1p5U_2,WGBS_Cold_FANS_1p5U_Rep2,Lane4,WGBS_FANS_1.5U_2_R1_L004.fastq.gz,WGBS_FANS_1.5U_2_R2_L004.fastq.gz
FANS_5U,FANS_5U_1,WGBS_Cold_FANS_5U_Rep1,Lane1,WGBS_FANS_5U_1_R1_L001.fastq.gz,WGBS_FANS_5U_1_R2_L001.fastq.gz
FANS_5U,FANS_5U_1,WGBS_Cold_FANS_5U_Rep1,Lane2,WGBS_FANS_5U_1_R1_L002.fastq.gz,WGBS_FANS_5U_1_R2_L002.fastq.gz
FANS_5U,FANS_5U_1,WGBS_Cold_FANS_5U_Rep1,Lane3,WGBS_FANS_5U_1_R1_L003.fastq.gz,WGBS_FANS_5U_1_R2_L003.fastq.gz
FANS_5U,FANS_5U_1,WGBS_Cold_FANS_5U_Rep1,Lane4,WGBS_FANS_5U_1_R1_L004.fastq.gz,WGBS_FANS_5U_1_R2_L004.fastq.gz
FANS_5U,FANS_5U_2,WGBS_Cold_FANS_5U_Rep2,Lane1,WGBS_FANS_5U_2_R1_L001.fastq.gz,WGBS_FANS_5U_2_R2_L001.fastq.gz
FANS_5U,FANS_5U_2,WGBS_Cold_FANS_5U_Rep2,Lane2,WGBS_FANS_5U_2_R1_L002.fastq.gz,WGBS_FANS_5U_2_R2_L002.fastq.gz
FANS_5U,FANS_5U_2,WGBS_Cold_FANS_5U_Rep2,Lane3,WGBS_FANS_5U_2_R1_L003.fastq.gz,WGBS_FANS_5U_2_R2_L003.fastq.gz
FANS_5U,FANS_5U_2,WGBS_Cold_FANS_5U_Rep2,Lane4,WGBS_FANS_5U_2_R1_L004.fastq.gz,WGBS_FANS_5U_2_R2_L004.fastq.gz
FANS_25U,FANS_25U_1,WGBS_Cold_FANS_25U_Rep1,Lane1,WGBS_FANS_25U_1_R1_L001.fastq.gz,WGBS_FANS_25U_1_R2_L001.fastq.gz
FANS_25U,FANS_25U_1,WGBS_Cold_FANS_25U_Rep1,Lane2,WGBS_FANS_25U_1_R1_L002.fastq.gz,WGBS_FANS_25U_1_R2_L002.fastq.gz
FANS_25U,FANS_25U_1,WGBS_Cold_FANS_25U_Rep1,Lane3,WGBS_FANS_25U_1_R1_L003.fastq.gz,WGBS_FANS_25U_1_R2_L003.fastq.gz
FANS_25U,FANS_25U_2,WGBS_Cold_FANS_25U_Rep2,Lane1,WGBS_FANS_25U_2_R1_L001.fastq.gz,WGBS_FANS_25U_2_R2_L001.fastq.gz
FANS_25U,FANS_25U_2,WGBS_Cold_FANS_25U_Rep2,Lane2,WGBS_FANS_25U_2_R1_L002.fastq.gz,WGBS_FANS_25U_2_R2_L002.fastq.gz
FANS_25U,FANS_25U_2,WGBS_Cold_FANS_25U_Rep2,Lane3,WGBS_FANS_25U_2_R1_L003.fastq.gz,WGBS_FANS_25U_2_R2_L003.fastq.gz
ATACseq_22C,ATACseq_22C_1,ATACseq_Cold_22C_Rep1,Lane1,ATACseq_22__1_R1_L001.fastq.gz,ATACseq_22__1_R2_L001.fastq.gz
ATACseq_22C,ATACseq_22C_1,ATACseq_Cold_22C_Rep1,Lane2,ATACseq_22__1_R1_L002.fastq.gz,ATACseq_22__1_R2_L002.fastq.gz
ATACseq_22C,ATACseq_22C_1,ATACseq_Cold_22C_Rep1,Lane3,ATACseq_22__1_R1_L003.fastq.gz,ATACseq_22__1_R2_L003.fastq.gz
ATACseq_22C,ATACseq_22C_2,ATACseq_Cold_22C_Rep2,Lane1,ATACseq_22__2_R1_L001.fastq.gz,ATACseq_22__2_R2_L001.fastq.gz
ATACseq_22C,ATACseq_22C_2,ATACseq_Cold_22C_Rep2,Lane2,ATACseq_22__2_R1_L002.fastq.gz,ATACseq_22__2_R2_L002.fastq.gz
ATACseq_22C,ATACseq_22C_2,ATACseq_Cold_22C_Rep2,Lane3,ATACseq_22__2_R1_L003.fastq.gz,ATACseq_22__2_R2_L003.fastq.gz
ATACseq_4C,ATACseq_4C_1,ATACseq_Cold_4C_Rep1,Lane1,ATACseq_4__1_R1_L001.fastq.gz,ATACseq_4__1_R2_L004.fastq.gz
ATACseq_4C,ATACseq_4C_1,ATACseq_Cold_4C_Rep1,Lane2,ATACseq_4__1_R1_L002.fastq.gz,ATACseq_4__1_R2_L005.fastq.gz
ATACseq_4C,ATACseq_4C_1,ATACseq_Cold_4C_Rep1,Lane3,ATACseq_4__1_R1_L003.fastq.gz,ATACseq_4__1_R2_L006.fastq.gz
ATACseq_4C,ATACseq_4C_2,ATACseq_Cold_4C_Rep2,Lane1,ATACseq_4__2_R1_L001.fastq.gz,ATACseq_4__2_R2_L004.fastq.gz
ATACseq_4C,ATACseq_4C_2,ATACseq_Cold_4C_Rep2,Lane2,ATACseq_4__2_R1_L002.fastq.gz,ATACseq_4__2_R2_L005.fastq.gz
ATACseq_4C,ATACseq_4C_2,ATACseq_Cold_4C_Rep2,Lane3,ATACseq_4__2_R1_L003.fastq.gz,ATACseq_4__2_R2_L006.fastq.gz
